No.,Feature1,Feature2,Feature3,Feature4,Feature5,Expected Output
12,0.956363636,0.12,0.021105008,0.004773449,0.049456189,0.333076877
12,0.956363636,0.12,0.024844656,0.000989771,0.046890452,0.334671527
12,0.956363636,0.12,0.021958889,0.005523876,0.046890452,0.326319258
12,0.956363636,0.253333333,0.053181697,0.014311998,0.044187496,0.367217882
12,0.956363636,0.253333333,0.046375337,0.014486935,0.048844646,0.392666707
12,0.956363636,0.253333333,0.051627498,0.008687528,0.030264989,0.377786761
12,0.956363636,0.253333333,0.065879128,0.021115021,0.038787375,0.3703122
12,0.956363636,0.253333333,0.043162748,0.00988039,0.02690452,0.351637372
12,0.956363636,0.253333333,0.034923413,0.009950841,0.0276871,0.381030094
12,0.956363636,0.253333333,0.042993457,0.014816133,0.025475109,0.368128909
12,0.956363636,0.253333333,0.057244097,0.020378854,0.030357921,0.376604373
12,0.956363636,0.386666667,0.085022235,0.024564653,0.03281865,0.411474174
12,0.956363636,0.386666667,0.068360842,0.016014643,0.034127297,0.429438681
12,0.956363636,0.386666667,0.085536345,0.016605532,0.032995113,0.433520107
12,0.956363636,0.386666667,0.07197313,0.015732108,0.033783336,0.446809346
12,0.956363636,0.386666667,0.077142798,0.021406803,0.033541139,0.427859227
12,0.956363636,0.386666667,0.069310245,0.020945043,0.028617285,0.427478421
12,0.956363636,0.386666667,0.072458852,0.017314577,0.033890305,0.420918622
12,0.956363636,0.386666667,0.077823291,0.026324157,0.025954674,0.4388344
12,0.956363636,0.386666667,0.071573623,0.014382507,0.033405798,0.427926402
12,0.956363636,0.386666667,0.077382764,0.015155574,0.028359879,0.427716712
12,0.956363636,0.386666667,0.075003948,0.019780278,0.026574385,0.430959985
12,0.956363636,0.386666667,0.076853257,0.017503664,0.029407307,0.429341692
12,0.956363636,0.386666667,0.06984062,0.02268338,0.042661318,0.441713859
12,0.956363636,0.386666667,0.078671979,0.016918086,0.035487361,0.4204718
12,0.956363636,0.386666667,0.086152723,0.024559914,0.026564528,0.426737656
12,0.956363636,0.386666667,0.076600347,0.015783049,0.030684919,0.433574088
12,0.956363636,0.386666667,0.068067317,0.01743978,0.037574257,0.427373504
12,0.956363636,0.386666667,0.070793675,0.018676647,0.038684881,0.428039922
12,0.956363636,0.386666667,0.069356275,0.018796865,0.039308351,0.441084733
12,0.956363636,0.386666667,0.082711463,0.026168203,0.038378692,0.438665809
12,0.956363636,0.386666667,0.077634838,0.021678656,0.034517542,0.426464802
12,0.956363636,0.386666667,0.068757143,0.015771793,0.024577847,0.431163823
12,0.956363636,0.386666667,0.081150091,0.019113736,0.0343096,0.434732613
12,0.956363636,0.386666667,0.073851204,0.015113141,0.034891654,0.438799431
12,0.956363636,0.386666667,0.075715517,0.022413267,0.038541184,0.428157698
12,0.956363636,0.386666667,0.071701315,0.020258989,0.031104642,0.442080922
12,0.956363636,0.386666667,0.064861,0.019880656,0.027871352,0.435558622
12,0.956363636,0.386666667,0.077934247,0.020325855,0.041229929,0.436194948
12,0.956363636,0.386666667,0.071058525,0.018817912,0.041572712,0.4344478
12,0.956363636,0.386666667,0.071789198,0.014086411,0.039655824,0.430878444
12,0.956363636,0.386666667,0.072902481,0.015918747,0.034167361,0.430246851
12,0.956363636,0.386666667,0.064216501,0.013913122,0.028788879,0.418464227
12,0.956363636,0.386666667,0.080583438,0.018349952,0.033544683,0.450679944
12,0.956363636,0.386666667,0.067222868,0.015475366,0.034171159,0.439402145
12,0.956363636,0.386666667,0.072409216,0.018274527,0.033060261,0.433301407
12,0.956363636,0.386666667,0.07235152,0.01886015,0.040732487,0.432805947
12,0.956363636,0.386666667,0.070505267,0.020239877,0.039776912,0.446158427
12,0.956363636,0.386666667,0.070725252,0.018463022,0.019294562,0.443178252
12,0.956363636,0.386666667,0.076676947,0.019524566,0.047987512,0.448195568
12,0.956363636,0.386666667,0.072726868,0.020217009,0.039383113,0.459582989
12,0.956363636,0.386666667,0.067020426,0.020256869,0.036843722,0.425760874
12,0.956363636,0.386666667,0.074129979,0.014911571,0.04245362,0.43040367
12,0.956363636,0.386666667,0.069254052,0.020038514,0.037467303,0.445180478
12,0.956363636,0.386666667,0.073015202,0.018415415,0.03399426,0.446116352
12,0.956363636,0.386666667,0.085889622,0.013457391,0.030458379,0.408909066
12,0.956363636,0.386666667,0.069844263,0.019864302,0.022742687,0.443662248
12,0.956363636,0.386666667,0.073920494,0.020957029,0.034289922,0.424669366
12,0.956363636,0.386666667,0.072018041,0.020234809,0.041296615,0.4440168
12,0.956363636,0.386666667,0.077750437,0.017260796,0.027670171,0.426591137
12,0.956363636,0.386666667,0.073696706,0.017374638,0.033900204,0.426626715
12,0.956363636,0.386666667,0.073427814,0.012437552,0.018203972,0.445636411
12,0.956363636,0.386666667,0.071385837,0.019972001,0.047145673,0.44301206
12,0.956363636,0.386666667,0.069471804,0.026953359,0.029550991,0.418764559
12,0.956363636,0.386666667,0.074741273,0.020964686,0.034730607,0.416499097
12,0.956363636,0.386666667,0.059536809,0.013702963,0.037970269,0.438516694
12,0.956363636,0.386666667,0.073708774,0.025291152,0.034954633,0.449231345
12,0.956363636,0.386666667,0.070361006,0.016241103,0.043129837,0.427091204
12,0.956363636,0.386666667,0.076854926,0.020020989,0.031970179,0.423720738
12,0.956363636,0.386666667,0.06542576,0.023963268,0.026547891,0.429942984
12,0.956363636,0.386666667,0.06982935,0.024563824,0.026835792,0.429310846
12,0.956363636,0.386666667,0.082151282,0.025250184,0.027484296,0.436622966
12,0.956363636,0.386666667,0.077479382,0.021631876,0.035924735,0.450242374
12,0.956363636,0.386666667,0.06318178,0.016196924,0.038256053,0.434525878
12,0.956363636,0.386666667,0.073009798,0.01764083,0.03990961,0.441599682
12,0.956363636,0.386666667,0.075404719,0.020717549,0.038915025,0.425192541
12,0.956363636,0.386666667,0.071601397,0.017920004,0.047384258,0.431983946
12,0.956363636,0.386666667,0.072849516,0.02311868,0.036312988,0.428071829
12,0.956363636,0.386666667,0.067720417,0.015208075,0.03774332,0.443614645
12,0.956363636,0.386666667,0.070020747,0.019750306,0.035906039,0.438819856
12,0.956363636,0.386666667,0.072362025,0.01869185,0.041884933,0.449694024
12,0.956363636,0.386666667,0.073489684,0.024000671,0.039865269,0.424395091
12,0.956363636,0.386666667,0.084382886,0.031994321,0.043398956,0.426311975
12,0.956363636,0.386666667,0.081054833,0.021785809,0.030481515,0.424732358
12,0.956363636,0.386666667,0.078565841,0.020602115,0.047237126,0.434625038
12,0.956363636,0.386666667,0.076573227,0.0192702,0.032909807,0.425817269
12,0.956363636,0.386666667,0.069705737,0.018482965,0.032208389,0.439096312
12,0.956363636,0.386666667,0.065503561,0.0225705,0.033694953,0.440898623
12,0.956363636,0.386666667,0.064967273,0.020689775,0.039340106,0.442011952
12,0.956363636,0.386666667,0.061534774,0.016357589,0.036443282,0.436378347
12,0.956363636,0.386666667,0.081152905,0.020428098,0.042477619,0.423804872
12,0.956363636,0.386666667,0.063398494,0.018351561,0.033413028,0.412316378
12,0.956363636,0.386666667,0.077028257,0.017482898,0.040171259,0.442637786
12,0.956363636,0.386666667,0.065671068,0.015648417,0.029951551,0.442986424
12,0.956363636,0.386666667,0.064678176,0.017036922,0.044947309,0.435955859
12,0.956363636,0.386666667,0.075740343,0.018122865,0.044082255,0.451244064
12,0.956363636,0.386666667,0.083481373,0.022345132,0.037342387,0.41629091
12,0.956363636,0.386666667,0.075359958,0.020127908,0.047370168,0.448239883
12,0.956363636,0.386666667,0.077882352,0.023249095,0.026972772,0.440470557
12,0.956363636,0.386666667,0.076182541,0.020785435,0.047505576,0.459481923
12,0.956363636,0.386666667,0.068819334,0.020643383,0.020483229,0.451471242
12,0.956363636,0.386666667,0.062524343,0.019236793,0.042273851,0.448841434
12,0.956363636,0.386666667,0.07576851,0.018303682,0.03080462,0.413059314
12,0.956363636,0.386666667,0.088042678,0.027052874,0.027392215,0.427014534
12,0.956363636,0.386666667,0.077394822,0.021864474,0.024138199,0.447552473
12,0.956363636,0.386666667,0.074007583,0.023315596,0.040750003,0.426098289
12,0.956363636,0.386666667,0.064372089,0.021538236,0.039820745,0.437762173
12,0.956363636,0.786666667,0.294667325,0.065135214,0.167154002,0.753277563
12,0.956363636,0.786666667,0.366764261,0.082098589,0.215465272,0.748807078
12,0.956363636,0.786666667,0.37957413,0.092293551,0.197100706,0.723309279
12,0.956363636,0.786666667,0.281872247,0.056221624,0.176385442,0.752751674
12,0.956363636,0.786666667,0.304090295,0.07000272,0.17785325,0.738516893
12,0.956363636,0.786666667,0.370969147,0.083435525,0.205150214,0.742459817
12,0.956363636,0.786666667,0.327231691,0.060193355,0.196867531,0.761903451
12,0.956363636,0.786666667,0.333575152,0.073836127,0.224277112,0.729291516
12,0.956363636,0.786666667,0.381496677,0.085348608,0.238237766,0.746607648
12,0.956363636,0.786666667,0.342226743,0.083776809,0.209850015,0.731249328
12,0.956363636,0.786666667,0.384678068,0.090923259,0.217870857,0.754576474
12,0.956363636,0.786666667,0.357363992,0.079682053,0.203288376,0.73723281
12,0.956363636,0.786666667,0.378094151,0.084657457,0.220192583,0.775652114
12,0.956363636,0.786666667,0.403022139,0.087346587,0.246625379,0.761210376
12,0.956363636,0.786666667,0.368409306,0.08657359,0.219787234,0.756570531
12,0.956363636,0.786666667,0.409694477,0.090012429,0.233358184,0.744323151
12,0.956363636,0.786666667,0.428729592,0.097287848,0.235909327,0.756997789
12,0.956363636,0.786666667,0.41433784,0.091747644,0.244924177,0.746740262
12,0.956363636,0.786666667,0.478460278,0.108119705,0.252791963,0.719246362
12,0.956363636,0.786666667,0.406109811,0.095491232,0.241967524,0.75299844
12,0.956363636,0.786666667,0.408091022,0.092309169,0.229003544,0.775552686
12,0.956363636,0.786666667,0.409492899,0.086157212,0.233061091,0.767506455
12,0.956363636,0.786666667,0.363171373,0.078863683,0.238043981,0.759138105
12,0.956363636,0.786666667,0.380111079,0.086505742,0.213640586,0.737302892
12,0.956363636,0.786666667,0.509463657,0.115218442,0.251185805,0.748197811
12,0.956363636,0.786666667,0.449389467,0.103562915,0.228890471,0.773324321
12,0.956363636,0.786666667,0.516899785,0.116128311,0.255556422,0.743194863
12,0.956363636,0.786666667,0.388203362,0.088076712,0.213997485,0.777459088
12,0.956363636,0.786666667,0.348454582,0.080864447,0.213415359,0.791133654
12,0.956363636,0.786666667,0.45420692,0.103651848,0.23984545,0.759964863
12,0.956363636,0.786666667,0.468706924,0.106195903,0.244079863,0.759181046
12,0.956363636,0.786666667,0.39562098,0.089425794,0.238957898,0.775327702
12,0.956363636,0.786666667,0.341841147,0.080184697,0.201308472,0.77860062
12,0.956363636,0.786666667,0.417933916,0.094893293,0.229577733,0.761064774
12,0.956363636,0.786666667,0.390873994,0.09245031,0.243103403,0.767109842
12,0.956363636,0.786666667,0.363652027,0.082860494,0.219943227,0.770399068
12,0.956363636,0.786666667,0.386666175,0.088498371,0.256325571,0.767810205
12,0.956363636,0.786666667,0.466293223,0.099584664,0.278322888,0.730229188
12,0.956363636,0.786666667,0.432862882,0.094416963,0.219873155,0.777411894
12,0.956363636,0.786666667,0.39364861,0.085844412,0.228095682,0.758541647
12,0.956363636,0.786666667,0.470672694,0.108005461,0.256740678,0.734650896
12,0.956363636,0.786666667,0.411408927,0.093274349,0.227916408,0.74117075
12,0.956363636,0.786666667,0.404110851,0.088138483,0.233165433,0.729685999
12,0.956363636,0.786666667,0.414153636,0.09230618,0.243764184,0.749982423
12,0.956363636,0.786666667,0.378171717,0.084476076,0.229914718,0.763990411
12,0.956363636,0.786666667,0.487251566,0.106744749,0.26489473,0.772596369
12,0.956363636,0.786666667,0.487742302,0.111466522,0.254706964,0.770755523
12,0.956363636,0.786666667,0.403921207,0.088602103,0.24378692,0.749797922
12,0.956363636,0.786666667,0.433981142,0.098002139,0.253499368,0.780114215
12,0.956363636,0.786666667,0.406817929,0.065856735,0.223469059,0.753236392
12,0.956363636,0.786666667,0.556087567,0.128040889,0.267417583,0.740429208
12,0.956363636,0.786666667,0.441086053,0.099942645,0.234433048,0.762385254
12,0.956363636,0.786666667,0.499330723,0.115313221,0.232338923,0.745315691
12,0.956363636,0.786666667,0.421525356,0.096218197,0.236692955,0.776633301
12,0.956363636,0.786666667,0.446230462,0.098548092,0.23955374,0.777659943
12,0.956363636,0.786666667,0.379227974,0.085471701,0.242368726,0.744254303
12,0.956363636,0.786666667,0.444976593,0.103057688,0.240519658,0.781072853
12,0.956363636,0.786666667,0.451098964,0.108413424,0.259952189,0.724415315
12,0.956363636,0.786666667,0.390865769,0.088072563,0.235098649,0.767512595
12,0.956363636,0.786666667,0.408838545,0.094875366,0.257119761,0.75576577
12,0.956363636,0.786666667,0.476860246,0.101122983,0.243189735,0.736605492
12,0.956363636,0.786666667,0.376279894,0.080677403,0.227990124,0.787248239
12,0.956363636,0.786666667,0.362087121,0.079751909,0.219854137,0.790910095
12,0.956363636,0.786666667,0.41096093,0.094050379,0.250046101,0.776145443
12,0.956363636,0.786666667,0.460164294,0.101972964,0.260676293,0.773792264
12,0.956363636,0.786666667,0.479613769,0.108607674,0.265870568,0.780972079
12,0.956363636,0.786666667,0.420688679,0.071454785,0.243893049,0.81826028
12,0.956363636,0.786666667,0.440800717,0.098987036,0.276638306,0.799532367
12,0.956363636,0.786666667,0.490534595,0.111264499,0.276583484,0.766652172
12,0.956363636,0.786666667,0.49476976,0.106532624,0.24149822,0.79035299
12,0.956363636,0.786666667,0.518529156,0.118237453,0.237386883,0.775319996
12,0.956363636,0.786666667,0.437186234,0.101517582,0.261700425,0.789590747
12,0.956363636,0.786666667,0.471557954,0.082753912,0.258330881,0.76900635
12,0.956363636,0.786666667,0.510623808,0.071033601,0.264540732,0.786297584
12,0.956363636,0.786666667,0.421496729,0.094768268,0.206893202,0.79027229
12,0.956363636,0.786666667,0.42031237,0.09300232,0.258016155,0.787605291
12,0.956363636,0.786666667,0.388494786,0.089128435,0.233124771,0.781605621
12,0.956363636,0.786666667,0.564750842,0.122488603,0.25564351,0.777875002
12,0.956363636,0.786666667,0.499739976,0.109788909,0.276651012,0.770983638
12,0.956363636,0.786666667,0.44202427,0.094217463,0.251731371,0.791846804
12,0.956363636,0.786666667,0.388223973,0.086639878,0.244444725,0.81421397
12,0.956363636,0.786666667,0.38829817,0.080083519,0.227672867,0.780762592
12,0.956363636,0.786666667,0.473267309,0.110814643,0.239259087,0.763968265
12,0.956363636,0.786666667,0.477897184,0.105829826,0.250683317,0.801100201
12,0.956363636,0.786666667,0.486978102,0.108089034,0.233458084,0.798192364
12,0.956363636,0.786666667,0.346606232,0.08112134,0.212307395,0.808584908
12,0.956363636,0.786666667,0.402357099,0.083517501,0.234414327,0.757695368
12,0.956363636,0.786666667,0.537035817,0.119396041,0.264419286,0.778271101
12,0.956363636,0.786666667,0.437837807,0.066337777,0.243286813,0.777997427
12,0.956363636,0.786666667,0.540401589,0.130166923,0.282694404,0.750434432
12,0.956363636,0.786666667,0.462400716,0.106062572,0.260340185,0.774358406
12,0.956363636,0.786666667,0.480702434,0.113473033,0.268885705,0.747337891
12,0.956363636,0.786666667,0.522940823,0.121241525,0.243891898,0.756430578
12,0.956363636,0.786666667,0.542602865,0.117647371,0.257000201,0.785376426
12,0.956363636,0.786666667,0.457053143,0.10540733,0.246654465,0.795257429
12,0.956363636,0.786666667,0.425949586,0.094323806,0.263732668,0.773107307
12,0.956363636,0.786666667,0.460651962,0.106872379,0.275298702,0.764147561
12,0.956363636,0.786666667,0.498454887,0.109446575,0.293167142,0.761200281
12,0.956363636,0.786666667,0.413700973,0.089389501,0.257873158,0.778352012
12,0.956363636,0.786666667,0.43823694,0.101521416,0.268996964,0.781236709
12,0.956363636,0.786666667,0.440067676,0.103771568,0.268865881,0.757760251
12,0.956363636,0.786666667,0.441375684,0.092313751,0.257016106,0.791175197
12,0.956363636,0.786666667,0.509781253,0.108947059,0.243867188,0.769634001
12,0.956363636,0.986666667,0.434547154,0.096452952,0.227867262,0.838669516
12,0.956363636,0.986666667,0.538518355,0.11863206,0.279434187,0.812541536
12,0.956363636,0.986666667,0.57580055,0.129424766,0.300692115,0.824365027
12,0.956363636,0.986666667,0.582807688,0.137423595,0.260545116,0.805515742
12,0.956363636,0.986666667,0.59047023,0.130147444,0.29581299,0.806392005
12,0.956363636,0.986666667,0.44713049,0.099436305,0.26734241,0.849742868
12,0.956363636,0.986666667,0.520900828,0.11364361,0.260510674,0.823659137
12,0.956363636,0.986666667,0.62079339,0.144944265,0.305126342,0.831062624
12,0.956363636,0.986666667,0.499110911,0.108866002,0.271871632,0.819238797
12,0.956363636,0.986666667,0.607485759,0.135777499,0.311861462,0.804814195
12,0.956363636,0.986666667,0.579171429,0.100252143,0.268571105,0.829796935
12,0.956363636,0.986666667,0.569709995,0.123662521,0.302668569,0.805498196
12,0.956363636,0.986666667,0.572888183,0.127433918,0.315672958,0.793497395
12,0.956363636,0.986666667,0.582138144,0.123419641,0.29020512,0.795946604
12,0.956363636,0.986666667,0.670419668,0.115925969,0.311419238,0.805147678
12,0.956363636,0.986666667,0.613041914,0.143703331,0.284691366,0.793040027
12,0.956363636,0.986666667,0.567606054,0.125817056,0.281747078,0.786373275
12,0.956363636,0.986666667,0.663323417,0.15119292,0.314795544,0.798999387
12,0.956363636,0.986666667,0.660108783,0.149318711,0.317336594,0.810132505
12,0.956363636,0.986666667,0.570962025,0.128441043,0.283648362,0.804823852
12,0.956363636,0.986666667,0.577414668,0.129444164,0.293084102,0.784375665
12,0.956363636,0.986666667,0.587787103,0.13301051,0.332878026,0.806017393
12,0.956363636,0.986666667,0.565028551,0.131061935,0.305647005,0.796504425
12,0.956363636,0.986666667,0.659100961,0.089599144,0.292357919,0.8351738
12,0.956363636,0.986666667,0.512331298,0.112723066,0.280487552,0.801352359
12,0.956363636,0.986666667,0.643266141,0.144045086,0.321113862,0.79731922
12,0.956363636,0.986666667,0.589437959,0.13016677,0.313292244,0.769611767
12,0.956363636,0.986666667,0.583221033,0.133057595,0.314916543,0.799695843
12,0.956363636,0.986666667,0.648846847,0.128541685,0.335686233,0.795330585
12,0.956363636,0.986666667,0.710044443,0.162186207,0.31776951,0.794818173
12,0.956363636,0.986666667,0.626921772,0.136769029,0.299786276,0.811914908
12,0.956363636,0.986666667,0.72693011,0.158593003,0.317204273,0.819681694
12,0.956363636,0.986666667,0.627101493,0.13811412,0.329823945,0.80144382
12,0.956363636,0.986666667,0.705623789,0.158031624,0.312277774,0.826245128
12,0.956363636,0.986666667,0.680024398,0.149117348,0.315687211,0.810975487
12,0.956363636,0.986666667,0.625183901,0.145404371,0.330883828,0.829927185
12,0.956363636,0.986666667,0.624909488,0.143632421,0.318916712,0.810185069
12,0.956363636,0.986666667,0.573349038,0.123208227,0.306453328,0.821765885
12,0.956363636,0.986666667,0.603141036,0.133066613,0.317211647,0.827186146
12,0.956363636,0.986666667,0.690773082,0.147373459,0.306981933,0.806066283
12,0.956363636,0.986666667,0.67838552,0.152495573,0.288177328,0.82757244
12,0.956363636,0.986666667,0.56049908,0.126209757,0.265556751,0.810827974
12,0.956363636,0.986666667,0.56648884,0.126730441,0.313644442,0.813091538
12,0.956363636,0.986666667,0.513841792,0.113268618,0.30484913,0.815129676
12,0.956363636,0.986666667,0.657205078,0.146202748,0.31594494,0.816803582
12,0.956363636,0.986666667,0.630369702,0.147197176,0.308916125,0.799744747
12,0.956363636,0.986666667,0.775937887,0.176877154,0.326273353,0.791191288
12,0.956363636,0.986666667,0.636160663,0.143924077,0.327182673,0.80234049
12,0.956363636,0.986666667,0.747089189,0.163610418,0.315003166,0.781838076
12,0.956363636,0.986666667,0.614021963,0.142117039,0.290732384,0.80678975
12,0.956363636,0.986666667,0.876781019,0.193198008,0.340872898,0.782637207
12,0.956363636,0.986666667,0.594474487,0.102879194,0.283964843,0.84154504
12,0.956363636,0.986666667,0.761330131,0.174088014,0.2488832,0.813603107
12,0.956363636,0.986666667,0.821480335,0.18624971,0.281636907,0.831386944
12,0.956363636,0.986666667,0.701959997,0.157585374,0.292592075,0.831476921
12,0.956363636,0.986666667,0.617807183,0.135798086,0.344756871,0.805405683
12,0.956363636,0.986666667,0.811941919,0.180841447,0.358066064,0.793730439
12,0.956363636,0.986666667,0.727656686,0.162582695,0.330998873,0.787343489
12,0.956363636,0.986666667,0.713027551,0.157464522,0.379726428,0.805760681
12,0.956363636,0.986666667,0.592769341,0.128663524,0.343009341,0.811057341
12,0.956363636,0.986666667,0.658724962,0.147492264,0.335301788,0.805227822
12,0.956363636,0.986666667,0.587399937,0.134989139,0.343250575,0.813141363
12,0.956363636,0.986666667,0.793389851,0.174230402,0.29978692,0.80833737
12,0.956363636,0.986666667,0.766166019,0.16836627,0.302756582,0.801764864
12,0.956363636,0.986666667,0.779614792,0.174927481,0.284217672,0.795489904
12,0.956363636,0.986666667,0.720341196,0.160980539,0.304898713,0.79224846
12,0.956363636,0.986666667,0.686026762,0.153585235,0.339316294,0.786037749
12,0.956363636,0.986666667,0.715621586,0.103223991,0.274677928,0.787334531
12,0.956363636,0.986666667,0.727557682,0.154171097,0.326469626,0.801668835
12,0.956363636,0.986666667,0.675421561,0.145592474,0.329147613,0.803943375
12,0.956363636,0.986666667,0.976737492,0.22782845,0.36698882,0.780783303
12,0.956363636,0.986666667,0.836800806,0.187564576,0.311667926,0.796388798
12,0.956363636,0.986666667,0.760300534,0.111956771,0.30913667,0.807615544
12,0.956363636,0.986666667,0.838093525,0.196795456,0.354544423,0.809643091
12,0.956363636,0.986666667,0.789098332,0.128729662,0.415979326,0.81900589
12,0.956363636,0.986666667,0.70729879,0.163781897,0.304018985,0.821139132
12,0.956363636,0.986666667,0.883718333,0.186993225,0.321914345,0.823306206
12,0.956363636,0.986666667,0.802350181,0.180433024,0.344085362,0.803478363
12,0.956363636,0.986666667,0.848541005,0.181824525,0.35724943,0.798219424
12,0.956363636,0.986666667,0.876187246,0.184682052,0.337598926,0.81270283
12,0.956363636,0.986666667,0.686202122,0.146184164,0.324455348,0.791570783
12,0.956363636,0.986666667,0.790272639,0.174430611,0.304272336,0.807010828
12,0.956363636,0.986666667,0.884979108,0.190981747,0.27905398,0.827355734
12,0.956363636,0.986666667,0.821573558,0.182147277,0.225580911,0.831952189
12,0.956363636,0.986666667,0.706046774,0.156327233,0.250426383,0.823579371
12,0.956363636,0.986666667,0.732437888,0.154594989,0.274438123,0.824612956
12,0.956363636,0.986666667,0.775345638,0.170438061,0.284945556,0.831112972
12,0.956363636,0.986666667,0.991663927,0.224719764,0.232809686,0.810475924
12,0.956363636,0.986666667,0.863580568,0.189003126,0.260452633,0.822819732
12,0.956363636,0.986666667,0.976209951,0.229581793,0.280658092,0.798784167
12,0.956363636,0.986666667,0.998397674,0.198533803,0.29703036,0.823311529
12,0.956363636,0.986666667,0.919114261,0.203600542,0.309228825,0.794043782
12,0.956363636,0.986666667,0.977130523,0.207861461,0.297333268,0.843192401
12,0.956363636,0.986666667,0.826322689,0.180974719,0.317877544,0.836612204
12,0.956363636,0.986666667,0.812252632,0.180558458,0.286405277,0.837937276
12,0.956363636,0.12,0.016596348,0.008768844,0.048284747,0.232759162
12,0.956363636,0.12,0.015596372,0.00651073,0.021475721,0.341709574
12,0.956363636,0.12,0.015170657,0.011424369,0.017697852,0.339635778
12,0.956363636,0.12,0.030020529,0.010311112,0.019999007,0.336725978
12,0.956363636,0.12,0.016520377,0.012847637,0.014304758,0.287050447
12,0.956363636,0.12,0.016338804,0.006713135,0.015491848,0.299910544
12,0.956363636,0.12,0.029216548,0.014045945,0.020394829,0.337573902
12,0.956363636,0.12,0.029498222,0.009464235,0.017539238,0.344514613
12,0.956363636,0.12,0.014491028,0.009318592,0.015792394,0.338279523
12,0.956363636,0.12,0.029809323,0.010259434,0.016701506,0.32850987
12,0.956363636,0.12,0.018065714,0.003769086,0.018007507,0.337937077
12,0.956363636,0.12,0.027478643,0.012124509,0.018996266,0.336574598
12,0.956363636,0.12,0.024207522,0.012632626,0.020610672,0.334835558
12,0.956363636,0.12,0.025333295,0.012842816,0.019661403,0.341093343
12,0.956363636,0.12,0.023246086,0.01019031,0.017980967,0.335493398
12,0.956363636,0.12,0.028962026,0.007687745,0.018577048,0.331308283
12,0.956363636,0.12,0.017206247,0.010494607,0.015957276,0.325180553
12,0.956363636,0.12,0.030797726,0.010364099,0.016391796,0.329017447
12,0.956363636,0.12,0.028345537,0.001400548,0.017136518,0.33338039
12,0.956363636,0.12,0.028907841,0.016065458,0.016571518,0.332482212
12,0.956363636,0.12,0.019556988,0.0040793,0.016095652,0.33188592
12,0.956363636,0.12,0.030568263,0.014697603,0.016278085,0.344632334
12,0.956363636,0.12,0.016580692,0.009745526,0.017615207,0.28073276
12,0.956363636,0.12,0.035982596,0.014757763,0.018397298,0.346203146
12,0.956363636,0.12,0.023773186,0.00924579,0.020995119,0.292375034
12,0.956363636,0.12,0.023754797,0.010011787,0.021439047,0.344956243
12,0.956363636,0.12,0.027469598,0.004130845,0.016392894,0.354863568
12,0.956363636,0.12,0.033087175,0.015542891,0.015829022,0.342548683
12,0.956363636,0.12,0.023202729,0.01098475,0.017070335,0.323818111
12,0.956363636,0.12,0.028322445,0.008292895,0.024655019,0.339859274
12,0.956363636,0.12,0.044392226,0.015450548,0.02189856,0.343228328
12,0.956363636,0.12,0.033426882,0.011166066,0.025235789,0.314948028
12,0.956363636,0.12,0.033139888,0.008459229,0.017148959,0.341751912
12,0.956363636,0.12,0.023371954,0.015652238,0.020287488,0.340410546
12,0.956363636,0.12,0.023777222,0.009676117,0.019831532,0.318587551
12,0.956363636,0.12,0.024161357,0.011235367,0.017151711,0.342173988
12,0.956363636,0.12,0.024885988,0.005703049,0.016891734,0.341095563
12,0.956363636,0.12,0.025604919,0.009504886,0.018745069,0.33098928
12,0.956363636,0.12,0.02062745,0.0088714,0.018586741,0.341847976
12,0.956363636,0.12,0.011541522,0.004691077,0.017369565,0.336308433
12,0.956363636,0.12,0.027702292,0.008834155,0.017823196,0.333989209
12,0.956363636,0.12,0.029969348,0.014101629,0.019254349,0.333529763
12,0.956363636,0.12,0.022035544,0.001281429,0.018125297,0.337637611
12,0.956363636,0.12,0.022396739,0.014578768,0.015947078,0.337402032
12,0.956363636,0.12,0.021021553,0.009051181,0.019571667,0.334992375
12,0.956363636,0.12,0.037772001,0.009920821,0.019324588,0.339659558
12,0.956363636,0.12,0.011750987,-0.000667943,0.041601284,0.108974728
12,0.956363636,0.12,0.027269665,0.006458245,0.0176701,0.336954385
12,0.956363636,0.12,0.027601966,0.019242279,0.016695793,0.3452097
12,0.956363636,0.12,0.034420848,0.011935314,0.017473916,0.347563822
12,0.956363636,0.12,0.030858671,0.018456599,0.018945134,0.345864375
12,0.956363636,0.12,0.020280403,0.006150433,0.017606706,0.335566928
12,0.956363636,0.253333333,0.064208327,0.018471098,0.015742738,0.372272012
12,0.956363636,0.253333333,0.038941306,0.01045336,0.020920739,0.36311742
12,0.956363636,0.253333333,0.050007991,0.014391668,0.024260319,0.406189496
12,0.956363636,0.253333333,0.032869325,0.012735838,0.019184191,0.372984073
12,0.956363636,0.253333333,0.043901285,0.008470407,0.020997942,0.37168342
12,0.956363636,0.253333333,0.074151624,0.021208675,0.024022133,0.375219973
12,0.956363636,0.253333333,0.069882099,0.019501459,0.020834684,0.357138011
12,0.956363636,0.253333333,0.048599045,0.016596186,0.03218209,0.383805716
12,0.956363636,0.253333333,0.054764018,0.016487009,0.02300383,0.38405963
12,0.956363636,0.253333333,0.042597342,0.009864012,0.022825226,0.377488083
12,0.956363636,0.253333333,0.059447283,0.011589271,0.027257236,0.389459047
12,0.956363636,0.253333333,0.053759842,0.019539446,0.025917305,0.380516679
12,0.956363636,0.253333333,0.057015669,0.015435281,0.020825095,0.39552325
12,0.956363636,0.253333333,0.061126329,0.018438481,0.03018132,0.388427782
12,0.956363636,0.253333333,0.049359676,0.020469726,0.019077503,0.3885098
12,0.956363636,0.253333333,0.032292425,0.012643567,0.022952814,0.369510114
12,0.956363636,0.253333333,0.050236545,0.016463911,0.022963099,0.374125928
12,0.956363636,0.253333333,0.055484569,0.015830154,0.031726466,0.388925486
12,0.956363636,0.253333333,0.050478148,0.011870369,0.030268595,0.368201201
12,0.956363636,0.253333333,0.056378054,0.016656609,0.027005913,0.386237721
12,0.956363636,0.253333333,0.052158697,0.018430042,0.025784423,0.385405508
12,0.956363636,0.253333333,0.038514964,0.006641812,0.030440012,0.396386825
12,0.956363636,0.253333333,0.061309758,0.016412923,0.026943867,0.383455177
12,0.956363636,0.253333333,0.050349127,0.011867504,0.022719537,0.378731333
12,0.956363636,0.253333333,0.055614015,0.016580783,0.019689062,0.373490685
12,0.956363636,0.253333333,0.075836814,0.01501418,0.018583612,0.379128413
12,0.956363636,0.253333333,0.05638504,0.016577935,0.024628428,0.379125992
12,0.956363636,0.253333333,0.076973574,0.021786698,0.026606335,0.391217477
12,0.956363636,0.253333333,0.058761341,0.014647051,0.02555424,0.395058693
12,0.956363636,0.253333333,0.049173632,0.014674805,0.016998988,0.369152759
12,0.956363636,0.253333333,0.06640933,0.01995347,0.023046072,0.36248724
12,0.956363636,0.253333333,0.053954705,0.019147926,0.021164203,0.363830743
12,0.956363636,0.253333333,0.038327992,0.016438989,0.023811996,0.372202934
12,0.956363636,0.253333333,0.047940518,0.008836745,0.029035676,0.383880626
12,0.956363636,0.253333333,0.04743514,0.012587128,0.030505464,0.372585846
12,0.956363636,0.253333333,0.048460414,0.017405613,0.023214434,0.390237376
12,0.956363636,0.253333333,0.064110516,0.023736182,0.024880719,0.378463058
12,0.956363636,0.253333333,0.050486777,0.014726031,0.023919546,0.370022322
12,0.956363636,0.253333333,0.07140559,0.016408406,0.022100972,0.390753979
12,0.956363636,0.253333333,0.060882423,0.019573418,0.023761135,0.389290138
12,0.956363636,0.253333333,0.061336803,0.018962647,0.020929359,0.384586943
12,0.956363636,0.253333333,0.065674927,0.016116789,0.026452127,0.369872877
12,0.956363636,0.253333333,0.039938882,0.018879353,0.027211986,0.376614112
12,0.956363636,0.253333333,0.051265475,0.016018881,0.020328441,0.381778137
12,0.956363636,0.253333333,0.041955347,0.018335356,0.023031799,0.381097182
12,0.956363636,0.253333333,0.058569443,0.017404841,0.025378517,0.377750771
12,0.956363636,0.253333333,0.020708259,0.013871555,0.024298504,0.377357288
12,0.956363636,0.253333333,0.034430912,0.014538371,0.031119258,0.385499408
12,0.956363636,0.253333333,0.038441481,0.011493188,0.024354063,0.393272725
12,0.956363636,0.253333333,0.042158345,0.018594449,0.023044283,0.383396442
12,0.956363636,0.253333333,0.051021668,0.01538662,0.035095028,0.36932844
12,0.956363636,0.253333333,0.042641218,0.012232504,0.021540659,0.37138242
12,0.956363636,0.253333333,0.041475661,0.013366203,0.025143198,0.372544411
12,0.956363636,0.253333333,0.062412758,0.0134753,0.02183436,0.377147102
12,0.956363636,0.253333333,0.041357285,0.015431025,0.0239083,0.400471791
12,0.956363636,0.253333333,0.05241206,0.014534098,0.028188976,0.385895651
12,0.956363636,0.253333333,0.075220937,0.021411957,0.026567201,0.386226726
12,0.956363636,0.253333333,0.082360843,0.023598137,0.028306454,0.389953726
12,0.956363636,0.253333333,0.073722441,0.016902606,0.023471574,0.360214539
12,0.956363636,0.253333333,0.058143321,0.024539566,0.02274391,0.382019152
12,0.956363636,0.253333333,0.056393679,0.015329943,0.030747279,0.362411121
12,0.956363636,0.253333333,0.041281513,0.008907572,0.026238303,0.388973117
12,0.956363636,0.253333333,0.047299869,0.012584804,0.026242908,0.365441194
12,0.956363636,0.253333333,0.048856636,0.011180579,0.021022821,0.388800104
12,0.956363636,0.253333333,0.048313542,0.01681384,0.020935012,0.372297664
12,0.956363636,0.253333333,0.072637397,0.0193653,0.02495514,0.365354765
12,0.956363636,0.253333333,0.040252157,0.009669775,0.016057107,0.381227993
12,0.956363636,0.253333333,0.067999956,0.01465036,0.033572812,0.393598405
12,0.956363636,0.253333333,0.053797503,0.016508157,0.020455254,0.390591813
12,0.956363636,0.253333333,0.072242115,0.017415277,0.021041557,0.39936065
12,0.956363636,0.253333333,0.074191794,0.017410474,0.028650652,0.382436209
12,0.956363636,0.253333333,0.0616567,0.010375442,0.028531012,0.39913671
12,0.956363636,0.253333333,0.060444178,0.014852953,0.033371866,0.407183363
12,0.956363636,0.253333333,0.039279145,0.016378081,0.024117407,0.381022745
12,0.956363636,0.253333333,0.084345797,0.024211375,0.028415522,0.378643318
12,0.956363636,0.253333333,0.047425348,0.010527152,0.027649797,0.398257692
12,0.956363636,0.253333333,0.048047246,0.014680147,0.026394166,0.393069336
12,0.956363636,0.253333333,0.050476128,0.016898264,0.022611139,0.38175993
12,0.956363636,0.253333333,0.066105121,0.020439743,0.02878241,0.371494101
12,0.956363636,0.253333333,0.057062706,0.016224274,0.028815976,0.384461273
12,0.956363636,0.253333333,0.037470966,0.01435105,0.025957456,0.380729849
12,0.956363636,0.253333333,0.047235567,0.018595031,0.027650935,0.387647701
12,0.956363636,0.253333333,0.028623112,0.008649588,0.032317786,0.387800798
12,0.956363636,0.253333333,0.053144663,0.015578377,0.025979351,0.372780791
12,0.956363636,0.253333333,0.038321039,0.018719259,0.030851652,0.399343478
12,0.956363636,0.253333333,0.04094723,0.01455229,0.028837889,0.396057394
12,0.956363636,0.253333333,0.0305288,0.015732568,0.021841367,0.376338457
12,0.956363636,0.253333333,0.047020843,0.015462777,0.026121562,0.397880723
12,0.956363636,0.253333333,0.040476501,0.015449862,0.031379995,0.392790924
12,0.956363636,0.253333333,0.063637587,0.02193838,0.032294723,0.387750942
12,0.956363636,0.253333333,0.043707842,0.011478426,0.02652162,0.385262067
12,0.956363636,0.253333333,0.045115652,0.011878513,0.031959682,0.383594198
12,0.956363636,0.253333333,0.050565335,0.012882686,0.022579392,0.389569979
12,0.956363636,0.253333333,0.048808356,0.014655502,0.029648846,0.390702034
12,0.956363636,0.253333333,0.049834687,0.013689686,0.029881344,0.401855384
12,0.956363636,0.253333333,0.048715475,0.014223152,0.03434061,0.392855408
12,0.956363636,0.253333333,0.055044154,0.020675011,0.026555475,0.377207894
12,0.956363636,0.253333333,0.028987855,0.00816561,0.021774653,0.378468799
12,0.956363636,0.253333333,0.048079795,0.01698705,0.029852814,0.393306996
12,0.956363636,0.253333333,0.04909419,0.01549537,0.029572795,0.381642201
12,0.956363636,0.253333333,0.034187136,0.013187188,0.020823021,0.37567401
12,0.956363636,0.253333333,0.054388802,0.016111014,0.02857591,0.377112797
12,0.956363636,0.253333333,0.052333703,0.016520661,0.023968152,0.365944276
12,0.956363636,0.253333333,0.052192572,0.019076454,0.023052533,0.374520048
12,0.956363636,0.253333333,0.04853651,0.012626123,0.027892988,0.381327876
12,0.956363636,0.253333333,0.053102944,0.017501585,0.036942866,0.36988418
12,0.956363636,0.253333333,0.046434025,0.012860325,0.032088123,0.376091971
12,0.956363636,0.253333333,0.034185359,0.014722566,0.028291056,0.399165048
12,0.956363636,0.253333333,0.041786043,0.013824498,0.028832098,0.38249968
12,0.956363636,0.253333333,0.043137236,0.00869375,0.029322044,0.389814719
12,0.956363636,0.253333333,0.038701217,0.014324828,0.027923646,0.389338371
12,0.956363636,0.253333333,0.074656748,0.018270712,0.030581597,0.39328169
12,0.956363636,0.253333333,0.06829366,0.020226145,0.029900214,0.396095193
12,0.956363636,0.253333333,0.032435225,0.014594292,0.022461116,0.400838469
12,0.956363636,0.253333333,0.057881292,0.018451893,0.028256022,0.395307926
12,0.956363636,0.253333333,0.02712152,0.011525697,0.034152847,0.370437241
12,0.956363636,0.253333333,0.052141371,0.019021645,0.029379565,0.379621443
12,0.956363636,0.253333333,0.062433381,0.024933967,0.029212631,0.401494423
12,0.956363636,0.253333333,0.057603952,0.019519505,0.028263642,0.384391172
12,0.956363636,0.253333333,0.047210699,0.009985785,0.028073828,0.376819692
12,0.956363636,0.253333333,0.026502082,0.01176518,0.023317704,0.366344962
12,0.956363636,0.253333333,0.072045504,0.019841588,0.02833413,0.37114161
12,0.956363636,0.253333333,0.054322993,0.013927396,0.028126687,0.386572056
12,0.956363636,0.386666667,0.227654286,0.052758258,0.072222266,0.437530955
12,0.956363636,0.386666667,0.150756072,0.039428633,0.052015305,0.47197387
12,0.956363636,0.386666667,0.097237634,0.020321297,0.030968674,0.438119916
12,0.956363636,0.386666667,0.094884116,0.019701093,0.047951858,0.43710302
12,0.956363636,0.386666667,0.113785982,0.032019681,0.04409369,0.43410793
12,0.956363636,0.386666667,0.095314657,0.028537946,0.049130202,0.44431675
12,0.956363636,0.386666667,0.156921622,0.035935101,0.035203281,0.479613902
12,0.956363636,0.386666667,0.066976337,0.019673718,0.029304076,0.439511647
12,0.956363636,0.386666667,0.183274488,0.04771959,0.04242741,0.453077014
12,0.956363636,0.386666667,0.151923445,0.036300406,0.038308209,0.426209825
12,0.956363636,0.386666667,0.114287045,0.025365288,0.036559173,0.464146867
12,0.956363636,0.386666667,0.089274406,0.019383689,0.025017137,0.459692464
12,0.956363636,0.386666667,0.159133671,0.036296127,0.078737735,0.447485261
12,0.956363636,0.386666667,0.106545606,0.037429996,0.037660019,0.448747914
12,0.956363636,0.386666667,0.186465935,0.044880061,0.052101477,0.444790971
12,0.956363636,0.386666667,0.188415174,0.040722731,0.024706567,0.427395988
12,0.956363636,0.386666667,0.177854391,0.039400194,0.034503236,0.435594496
12,0.956363636,0.386666667,0.14576894,0.034198611,0.038670691,0.431466188
12,0.956363636,0.386666667,0.165243585,0.034916973,0.049427482,0.465362189
12,0.956363636,0.386666667,0.176815572,0.042270545,0.036297409,0.443101796
12,0.956363636,0.386666667,0.178728176,0.044918403,0.051321464,0.440380351
12,0.956363636,0.386666667,0.19771453,0.04193339,0.044309644,0.428431447
12,0.956363636,0.386666667,0.198505393,0.042858481,0.051809404,0.418351469
12,0.956363636,0.386666667,0.178285472,0.042736849,0.044750511,0.427570351
12,0.956363636,0.386666667,0.176704688,0.038981619,0.061355793,0.430667167
12,0.956363636,0.386666667,0.164576483,0.040656574,0.072632214,0.449489947
12,0.956363636,0.386666667,0.153208344,0.038548719,0.051839596,0.474340548
12,0.956363636,0.386666667,0.180879835,0.044960506,0.048620486,0.430301845
12,0.956363636,0.386666667,0.209239469,0.048896541,0.079516839,0.458884728
12,0.956363636,0.386666667,0.24609524,0.056768383,0.062542725,0.429961428
12,0.956363636,0.386666667,0.10921239,0.025999494,0.03472528,0.440947964
12,0.956363636,0.386666667,0.143318793,0.036851318,0.035315191,0.425963198
12,0.956363636,0.386666667,0.12029335,0.028089424,0.040870504,0.447811139
12,0.956363636,0.386666667,0.160331502,0.040666784,0.042101314,0.441106086
12,0.956363636,0.386666667,0.163671051,0.03774257,0.024819096,0.442621243
12,0.956363636,0.386666667,0.170038827,0.043724603,0.045419783,0.452642454
12,0.956363636,0.386666667,0.120561736,0.028039274,0.034080284,0.448728967
12,0.956363636,0.386666667,0.055285752,0.016917748,0.023487472,0.444307853
12,0.956363636,0.386666667,0.113207011,0.031304535,0.026596993,0.427331648
12,0.956363636,0.386666667,0.165583548,0.042194458,0.061663931,0.450881734
12,0.956363636,0.386666667,0.121807895,0.02649852,0.042695702,0.451017874
12,0.956363636,0.386666667,0.192192772,0.047242024,0.028952151,0.444846595
12,0.956363636,0.386666667,0.140366106,0.034644531,0.038926087,0.426667184
12,0.956363636,0.386666667,0.159691784,0.038944473,0.034600195,0.425450785
12,0.956363636,0.386666667,0.212149198,0.048506993,0.042645844,0.432675004
12,0.956363636,0.386666667,0.146359647,0.036140938,0.03646843,0.437652709
12,0.956363636,0.386666667,0.173652817,0.038733448,0.032006799,0.44118007
12,0.956363636,0.386666667,0.190344343,0.03286383,0.036570367,0.455296605
12,0.956363636,0.386666667,0.155187535,0.037493161,0.03946315,0.44586592
12,0.956363636,0.386666667,0.21117323,0.045501834,0.031952931,0.444676025
12,0.956363636,0.386666667,0.167459427,0.026045013,0.030662664,0.429261996
